<?xml version="1.0" encoding="UTF-8"?>
<!DOCTYPE hibernate-configuration PUBLIC "-//Hibernate/Hibernate Configuration DTD 3.0//EN"
                                         "http://www.hibernate.org/dtd/hibernate-configuration-3.0.dtd">
<hibernate-configuration>
 <session-factory name="">
  <property name="hibernate.connection.driver_class">org.gjt.mm.mysql.Driver</property>
  <property name="hibernate.connection.password">root</property>
  <property name="hibernate.connection.url">jdbc:mysql://localhost:3306/test</property>
  <property name="hibernate.connection.username">snigda</property>
  <property name="hibernate.dialect">org.hibernate.dialect.MySQL5Dialect</property>
  <property name="hibernate.connection.isolation">4</property>
  <property name="hibernate.cache.use_query_cache">true</property>
  <property name="hibernate.cache.use_second_level_cache">true</property>
  <mapping resource="person.hbm.xml"/>
 </session-factory>
 
</hibernate-configuration>
